{
  "name": "An Accelerated Being",
  "description": "Everything about you is just a tad bit faster than everything else.",
  "type": "origins:multiple",
  "regen": {
    "type": "origins:modify_healing",
    "modifier": {
      "operation": "multiply_base_additive",
      "value": 0.1
    }
  },
  "hunger": {
    "type": "origins:modify_exhaustion",
    "modifier": {
      "operation": "multiply_base",
      "value": 0.2
    }
  },
  "attack_speed": {
    "type": "origins:attribute",
    "modifier": {
      "name": "increased attack speed",
      "attribute": "minecraft:generic.attack_speed",
      "value": 1,
      "operation": "addition"
    }
  },
  "oxygen": {
    "type": "origins:attribute",
    "modifier": {
      "attribute": "additionalentityattributes:lung_capacity",
      "value": -50,
      "operation": "addition"
    }
  },
  "eating": {
    "type": "origins:edible_item",
    "item_condition": {
      "type": "origins:food"
      },
    "consuming_action": "eat",
    "consuming_time_modifier": {
      "operation": "multiply_total_multiplicative",
      "value": -0.3
    },
    "priority": 1
  },
  "mining": {
    "type": "origins:modify_break_speed",
    "modifier": {
      "operation": "multiply_base",
      "value": 0.3
    }
  },
  "movement": {
    "type": "origins:attribute",
    "modifier": {
      "attribute": "minecraft:generic.movement_speed",
      "value": 0.1,
      "operation": "multiply_total"
    }
  }

}