{
  "type": "origins:multiple",
  "activator": {
    "type": "origins:active_self",
    "entity_action": {
      "type": "origins:and",
      "actions": [
        {
          "type": "origins:trigger_cooldown",
          "power": "*:*_duration"
        },
        {
          "type": "origins:trigger_cooldown",
          "power": "*:*_cooldown"
        }
      ]
    },
    "condition": {
      "type": "origins:and",
      "conditions": [
        {
          "type": "origins:resource",
          "resource": "*:*_duration",
          "comparison": "==",
          "compare_to": 0
        },
        {
          "type": "origins:resource",
          "resource": "*:*_cooldown",
          "comparison": "==",
          "compare_to": 0
        }
      ]
    }
  },
  "duration": {
    "type": "origins:cooldown",
    "cooldown": 200,
    "hud_render": {
      "should_render": true,
      "sprite_location": "origins:textures/gui/community/huang/resource_bar_02.png",
      "bar_index": 1,
      "inverted": true
    }
  },
  "cooldown": {
    "type": "origins:cooldown",
    "cooldown": 1000,
    "hud_render": {
      "should_render": true,
      "sprite_location": "origins:textures/gui/community/huang/resource_bar_02.png",
      "bar_index": 0,
      "inverted": true
    }
  },
  "effect_movement": {
    "type": "origins:conditioned_attribute",
    "modifier": {
      "attribute": "minecraft:generic.movement_speed",
      "value": 1,
      "operation": "multiply_total"
    },

    "condition": {
      "type": "origins:resource",
      "resource": "*:*_duration",
      "comparison": "==",
      "compare_to": 0,
      "inverted": true
    }
  },
  "mining": {
    "type": "origins:modify_break_speed",
    "modifier": {
      "operation": "multiply_base",
      "value": 1
    },
    "condition": {
      "type": "origins:resource",
      "resource": "*:*_duration",
      "comparison": "==",
      "compare_to": 0,
      "inverted": true
    }
  },

  "name": "Burst",
  "exhaust": {
    "type": "origins:exhaust",
    "interval": 10,
    "exhaustion": 4,
    "condition": {
      "type": "origins:resource",
      "resource": "*:*_duration",
      "comparison": "==",
      "compare_to": 0,
      "inverted": true
    }
  },
  "early_end": {
    "type": "origins:action_when_damage_taken",
    "damage_condition": {
      "type": "origins:type",
      "damage_type": "minecraft:starve"

    },
    "entity_action": {
      "type": "origins:modify_resource",
      "resource": "*:*_duration",
      "modifier": {
        "operation": "set_total",
        "value": 0
      }
    }
  },
  "slow_after": {
    "type": "origins:action_over_time",
    "rising_action": {
      "type": "origins:apply_effect",
      "effect": {
        "effect": "minecraft:slowness",
        "duration": 100
      }
    }
  },
  "description": "The panic button. Really. You accelerate the flow of time you travel at giving you a major boost to speed all around."
}