{
  "hidden": "true",
  "type": "origins:multiple",
  "steak_porkchop": {
    "type": "origins:edible_item",
    "item_condition": {
      "type": "origins:or",
      "conditions": [
        {
          "type": "origins:ingredient",
          "ingredient": {
            "item": "minecraft:steak"
          }
        },
        {
          "type": "origins:ingredient",
          "ingredient": {
            "item": "minecraft:cooked_porkchop"
          }
        }
      ]
    },
    "use_action": "eat",
    "use_time_modifier": {
      "operation": "multiply_total_multiplicative",
      "value": 0
    },
    "priority": 2,
    "condition": {
      "type": "origins:resource",
      "resource": "*:burst_duration",
      "compare_to": 0,
      "comparison": "=="
    },
    "food_component": {
      "hunger": 8,
      "saturation": 12.8
    }
  },
  "rabbit_stew": {
    "type": "origins:edible_item",
    "item_condition": {
      "type": "origins:ingredient",
      "ingredient": {
        "item": "minecraft:rabbit_stew"
      }
    },
    "use_action": "eat",
    "use_time_modifier": {
      "operation": "multiply_total_multiplicative",
      "value": 0
    },
    "priority": 2,
    "condition": {
      "type": "origins:resource",
      "resource": "*:burst_duration",
      "compare_to": 0,
      "comparison": "=="
    },
    "food_component": {
      "hunger": 10,
      "saturation": 12.0
    }
  },
  "pumpkin_pie": {
    "type": "origins:edible_item",
    "item_condition": {
      "type": "origins:ingredient",
      "ingredient": {
        "item": "minecraft:pumpkin_pie"
      }
    },
    "use_action": "eat",
    "use_time_modifier": {
      "operation": "multiply_total_multiplicative",
      "value": 0
    },
    "priority": 2,
    "condition": {
      "type": "origins:resource",
      "resource": "*:burst_duration",
      "compare_to": 0,
      "comparison": "=="
    },
    "food_component": {
      "hunger": 8,
      "saturation": 4.8
    }
  },
  "beetroot_soup_mushroom_stew_chicken": {
    "type": "origins:edible_item",
    "item_condition": {
      "type": "origins:or",
      "conditions": [
        {
          "type": "origins:ingredient",
          "ingredient": {
            "item": "minecraft:beetroot_soup"
          }
        },
        {
          "type": "origins:ingredient",
          "ingredient": {
            "item": "minecraft:mushroom_stew"
          }
        },
        {
          "type": "origins:ingredient",
          "ingredient": {
            "item": "minecraft:cooked_chicken"
          }
        }
      ]
    },
    "use_action": "eat",
    "use_time_modifier": {
      "operation": "multiply_total_multiplicative",
      "value": 0
    },
    "priority": 2,
    "condition": {
      "type": "origins:resource",
      "resource": "*:burst_duration",
      "compare_to": 0,
      "comparison": "=="
    },
    "food_component": {
      "hunger": 6,
      "saturation": 7.2
    }
  },
  "mutton_salmon": {
    "type": "origins:edible_item",
    "item_condition": {
      "type": "origins:or",
      "conditions": [
        {
          "type": "origins:ingredient",
          "ingredient": {
            "item": "minecraft:cooked_mutton"
          }
        },
        {
          "type": "origins:ingredient",
          "ingredient": {
            "item": "minecraft:cooked_salmon"
          }
        }
      ]
    },
    "use_action": "eat",
    "use_time_modifier": {
      "operation": "multiply_total_multiplicative",
      "value": 0
    },
    "priority": 2,
    "condition": {
      "type": "origins:resource",
      "resource": "*:burst_duration",
      "compare_to": 0,
      "comparison": "=="
    },
    "food_component": {
      "hunger": 6,
      "saturation": 9.6
    }
  },
  "gold_carrot": {
    "type": "origins:edible_item",
    "item_condition": {
      "type": "origins:ingredient",
      "ingredient": {
        "item": "minecraft:golden_carrot"
      }
    },
    "use_action": "eat",
    "use_time_modifier": {
      "operation": "multiply_total_multiplicative",
      "value": 0
    },
    "priority": 2,
    "condition": {
      "type": "origins:resource",
      "resource": "*:burst_duration",
      "compare_to": 0,
      "comparison": "=="
    },
    "food_component": {
      "hunger": 6,
      "saturation": 14.4
    }
  },
  "potato_bread_cod_rabbit": {
    "type": "origins:edible_item",
    "item_condition": {
      "type": "origins:or",
      "conditions": [
        {
          "type": "origins:ingredient",
          "ingredient": {
            "item": "minecraft:baked_potato"
          }
        },
        {
          "type": "origins:ingredient",
          "ingredient": {
            "item": "minecraft:bread"
          }
        },
        {
          "type": "origins:ingredient",
          "ingredient": {
            "item": "minecraft:cooked_cod"
          }
        },
        {
          "type": "origins:ingredient",
          "ingredient": {
            "item": "minecraft:cooked_rabbit"
          }
        }
      ]
    },
    "use_action": "eat",
    "use_time_modifier": {
      "operation": "multiply_total_multiplicative",
      "value": 0
    },
    "priority": 2,
    "condition": {
      "type": "origins:resource",
      "resource": "*:burst_duration",
      "compare_to": 0,
      "comparison": "=="
    },
    "food_component": {
      "hunger": 5,
      "saturation": 6.0
    }
  },
  "apple": {
    "type": "origins:edible_item",
    "item_condition": {
      "type": "origins:ingredient",
      "ingredient": {
        "item": "minecraft:apple"
      }
    },
    "use_action": "eat",
    "use_time_modifier": {
      "operation": "multiply_total_multiplicative",
      "value": 0
    },
    "priority": 2,
    "condition": {
      "type": "origins:resource",
      "resource": "*:burst_duration",
      "compare_to": 0,
      "comparison": "=="
    },
    "food_component": {
      "hunger": 4,
      "saturation": 2.4
    }
  },
  "carrot": {
    "type": "origins:edible_item",
    "item_condition": {
      "type": "origins:ingredient",
      "ingredient": {
        "item": "minecraft:carrot"
      }
    },
    "use_action": "eat",
    "use_time_modifier": {
      "operation": "multiply_total_multiplicative",
      "value": 0
    },
    "priority": 2,
    "condition": {
      "type": "origins:resource",
      "resource": "*:burst_duration",
      "compare_to": 0,
      "comparison": "=="
    },
    "food_component": {
      "hunger": 3,
      "saturation": 3.6
    }
  },
  "raw_beef_pork_rabbit": {
    "type": "origins:edible_item",
    "item_condition": {
      "type": "origins:or",
      "conditions": [
        {
          "type": "origins:ingredient",
          "ingredient": {
            "item": "minecraft:beef"
          }
        },
        {
          "type": "origins:ingredient",
          "ingredient": {
            "item": "minecraft:porkchop"
          }
        },
        {
          "type": "origins:ingredient",
          "ingredient": {
            "item": "minecraft:rabbit"
          }
        }
      ]
    },
    "use_action": "eat",
    "use_time_modifier": {
      "operation": "multiply_total_multiplicative",
      "value": 0
    },
    "priority": 2,
    "condition": {
      "type": "origins:resource",
      "resource": "*:burst_duration",
      "compare_to": 0,
      "comparison": "=="
    },
    "food_component": {
      "hunger": 2,
      "saturation": 1.8
    }
  },
  "cookie_glow_sweet_berries_raw_cod_salmon": {
    "type": "origins:edible_item",
    "item_condition": {
      "type": "origins:or",
      "conditions": [
        {
          "type": "origins:ingredient",
          "ingredient": {
            "item": "minecraft:cookie"
          }
        },
        {
          "type": "origins:ingredient",
          "ingredient": {
            "item": "minecraft:glow_berries"
          }
        },
        {
          "type": "origins:ingredient",
          "ingredient": {
            "item": "minecraft:sweet_berries"
          }
        },
        {
          "type": "origins:ingredient",
          "ingredient": {
            "item": "minecraft:cod"
          }
        },
        {
          "type": "origins:ingredient",
          "ingredient": {
            "item": "minecraft:salmon"
          }
        }
      ]
    },
    "use_action": "eat",
    "use_time_modifier": {
      "operation": "multiply_total_multiplicative",
      "value": 0
    },
    "priority": 2,
    "condition": {
      "type": "origins:resource",
      "resource": "*:burst_duration",
      "compare_to": 0,
      "comparison": "=="
    },
    "food_component": {
      "hunger": 2,
      "saturation": 0.4
    }
  },
  "mellon_raw_chicken_mutton": {
    "type": "origins:edible_item",
    "item_condition": {
      "type": "origins:or",
      "conditions": [
        {
          "type": "origins:ingredient",
          "ingredient": {
            "item": "minecraft:mellon_slice"
          }
        },
        {
          "type": "origins:ingredient",
          "ingredient": {
            "item": "minecraft:chicken"
          }
        },
        {
          "type": "origins:ingredient",
          "ingredient": {
            "item": "minecraft:mutton"
          }
        }
      ]
    },
    "use_action": "eat",
    "use_time_modifier": {
      "operation": "multiply_total_multiplicative",
      "value": 0
    },
    "priority": 2,
    "condition": {
      "type": "origins:resource",
      "resource": "*:burst_duration",
      "compare_to": 0,
      "comparison": "=="
    },
    "food_component": {
      "hunger": 2,
      "saturation": 1.2
    }
  },
  "beetroot": {
    "type": "origins:edible_item",
    "item_condition": {
      "type": "origins:ingredient",
      "ingredient": {
        "item": "minecraft:beetroot"
      }
    },
    "use_action": "eat",
    "use_time_modifier": {
      "operation": "multiply_total_multiplicative",
      "value": 0
    },
    "priority": 2,
    "condition": {
      "type": "origins:resource",
      "resource": "*:burst_duration",
      "compare_to": 0,
      "comparison": "=="
    },
    "food_component": {
      "hunger": 1,
      "saturation": 1.2
    }
  },
  "kelp_raw_potato": {
    "type": "origins:edible_item",
    "item_condition": {
      "type": "origins:or",
      "conditions": [
        {
          "type": "origins:ingredient",
          "ingredient": {
            "item": "minecraft:dried_kelp"
          }
        },
        {
          "type": "origins:ingredient",
          "ingredient": {
            "item": "minecraft:potato"
          }
        }
      ]
    },
    "use_action": "eat",
    "use_time_modifier": {
      "operation": "multiply_total_multiplicative",
      "value": 0
    },
    "priority": 2,
    "condition": {
      "type": "origins:resource",
      "resource": "*:burst_duration",
      "compare_to": 0,
      "comparison": "=="
    },
    "food_component": {
      "hunger": 1,
      "saturation": 1.6
    }
  }
}