{
  "type": "origins:active_self",

  "entity_action": {
    "type": "origins:if_else",
    "condition": {
      "type": "origins:food_level",
      "comparison": "==",
      "compare_to": 0
    },
    "if_action": {
      "type": "origins:damage",
      "amount": 5,
      "damage_type": "minecraft:starve"
    },
    "else_action": {
      "type": "origins:raycast",
      "distance": 40,
      "command_at_hit": "tp @s ~ ~ ~",

      "before_action": {

        "type": "origins:apply_effect",
        "effect": {
          "effect": "minecraft:slowness",
          "duration": 40
        }

      },
      "hit_action": {
        "type": "origins:exhaust",
        "amount": 50
      }
    }
  },
  "key": {
    "key": "key.origins.secondary_active",
    "continuous": false
  },
  "name": "Flash",
  "description": "Time and space overlap, allowing you to seemingly teleport over a moderate distance through it is extremely exhaust and impossible to do while starving. Even so, nobody can determine whether or your shifting to a time you are in that location or just jumping across space."

}