{
  "type": "origins:multiple",
  "on_hit": {
    "type": "origins:action_on_hit",
    "bientity_action": {
      "type": "target_action",
      "action": {
        "type": "origins:execute_command",
        "command": "power grant chrono_shifter:slow_data"
      }
    }
  },
  "when_hit": {
    "type": "origins:action_when_hit",
    "bientity_action": {
      "type": "actor_action",
      "action": {
        "type": "origins:origins:execute_command",
        "command": "power grant chrono_shifter:slow_data"
      }
    }
  },
  "name": "Instinctual Slow Down",
  "description": "You instinctually slow time down briefly for beings that you attack and that attack you."
}