{
  "type": "origins:multiple",
  "timer": {
    "type": "origins:cooldown",
    "cooldown": 200
  },
  "start_up": {
    "type": "origins:action_on_callback",
    "entity_action_added": {
      "type": "origins:trigger_cooldown",
      "power": "*:*_timer"
    }
  },
  "remove": {
    "type": "origins:action_over_time",
    "condition": {
        "type": "origins:resource",
        "resource": "*:*_timer",
        "compare_to": 0,
      "comparison": "=="
    },
    "rising_action": {
      "type": "origins:remove_power",
      "power": "*:*"
    }
  },
  "slow": {
    "type": "origins:attribute",
    "modifiers": [
      {
        "attribute": "minecraft:generic.movement_speed",
        "value": -0.25,
        "operation": "multiply_total"
      },
      {
        "attribute": "minecraft:generic.attack_speed",
        "value": -0.25,
        "operation": "multiply_base"
      }
    ]
  }
}